Workbook

Sheet প্রোডাক্ট তালিকা
A1: SeiRokom Fashion — প্রোডাক্ট ও স্টক তালিকা
A2: নীল রঙের ঘরগুলোতে নিজের তথ্য লিখুন। বাকি ঘর নিজে হিসাব করবে।
A4: প্রোডাক্ট আইডি | B4: প্রোডাক্টের নাম | C4: ক্যাটাগরি | D4: ক্রয়মূল্য (একক) | E4: বিক্রয়মূল্য (একক) | F4: স্টকে থাকা পরিমাণ | G4: স্টকের মোট মূল্য (৳) | H4: লাভ (প্রতি একক) | I4: সম্ভাব্য মোট লাভ (৳)
A5: P001 | B5: জামদানি শাড়ি - সোনালি পাড় | C5: শাড়ি | D5: 2500 | E5: 4200 | F5: 8 | G5: =D5*F5 -> 20000 | H5: =E5-D5 -> 1700 | I5: =H5*F5 -> 13600
G6: =IF(F6="","",D6*F6) | H6: =IF(E6="","",E6-D6) | I6: =IF(F6="","",H6*F6)
G7: =IF(F7="","",D7*F7) | H7: =IF(E7="","",E7-D7) | I7: =IF(F7="","",H7*F7)
G8: =IF(F8="","",D8*F8) | H8: =IF(E8="","",E8-D8) | I8: =IF(F8="","",H8*F8)
G9: =IF(F9="","",D9*F9) | H9: =IF(E9="","",E9-D9) | I9: =IF(F9="","",H9*F9)
G10: =IF(F10="","",D10*F10) | H10: =IF(E10="","",E10-D10) | I10: =IF(F10="","",H10*F10)
G11: =IF(F11="","",D11*F11) | H11: =IF(E11="","",E11-D11) | I11: =IF(F11="","",H11*F11)
G12: =IF(F12="","",D12*F12) | H12: =IF(E12="","",E12-D12) | I12: =IF(F12="","",H12*F12)
G13: =IF(F13="","",D13*F13) | H13: =IF(E13="","",E13-D13) | I13: =IF(F13="","",H13*F13)
G14: =IF(F14="","",D14*F14) | H14: =IF(E14="","",E14-D14) | I14: =IF(F14="","",H14*F14)
G15: =IF(F15="","",D15*F15) | H15: =IF(E15="","",E15-D15) | I15: =IF(F15="","",H15*F15)
G16: =IF(F16="","",D16*F16) | H16: =IF(E16="","",E16-D16) | I16: =IF(F16="","",H16*F16)
G17: =IF(F17="","",D17*F17) | H17: =IF(E17="","",E17-D17) | I17: =IF(F17="","",H17*F17)
... G30: =IF(F30="","",D30*F30) | H30: =IF(E30="","",E30-D30) | I30: =IF(F30="","",H30*F30)
B32: মোট (সব প্রোডাক্ট) | F32: =SUM(F5:F30) -> 8 | G32: =SUM(G5:G30) -> 20000 | I32: =SUM(I5:I30) -> 13600

Sheet অর্ডার তালিকা
A1: SeiRokom Fashion — অর্ডার তালিকা
A2: প্রতিটি অর্ডার এক লাইনে লিখুন। মোট মূল্য নিজে হিসাব হয়ে যাবে।
A4: অর্ডার আইডি | B4: তারিখ | C4: কাস্টমারের নাম | D4: মোবাইল নম্বর | E4: প্রোডাক্টের নাম | F4: পরিমাণ | G4: একক মূল্য (৳) | H4: মোট মূল্য (৳) | I4: পেমেন্ট স্ট্যাটাস | J4: ডেলিভারি স্ট্যাটাস
A5: O001 | B5: 2026-09-04 | C5: রুমা আক্তার | D5: 01711-000000 | E5: জামদানি শাড়ি - সোনালি পাড় | F5: 1 | G5: 4200 | H5: =F5*G5 -> 4200 | I5: পরিশোধিত | J5: ডেলিভারি হয়েছে
H6: =IF(OR(F6="",G6=""),"",F6*G6)
H7: =IF(OR(F7="",G7=""),"",F7*G7)
H8: =IF(OR(F8="",G8=""),"",F8*G8)
H9: =IF(OR(F9="",G9=""),"",F9*G9)
H10: =IF(OR(F10="",G10=""),"",F10*G10)
H11: =IF(OR(F11="",G11=""),"",F11*G11)
H12: =IF(OR(F12="",G12=""),"",F12*G12)
H13: =IF(OR(F13="",G13=""),"",F13*G13)
H14: =IF(OR(F14="",G14=""),"",F14*G14)
H15: =IF(OR(F15="",G15=""),"",F15*G15)
H16: =IF(OR(F16="",G16=""),"",F16*G16)
H17: =IF(OR(F17="",G17=""),"",F17*G17)
... H45: =IF(OR(F45="",G45=""),"",F45*G45)
C47: মোট বিক্রয় (সব অর্ডার) | F47: =SUM(F5:F45) -> 1 | H47: =SUM(H5:H45) -> 4200

Sheet সারসংক্ষেপ
A1: SeiRokom Fashion — ব্যবসার সারসংক্ষেপ
A2: এই পাতাটি অন্য দুই পাতা থেকে নিজে হিসাব করে দেখায় — এখানে কিছু লিখতে হবে না।
A4: মোট স্টক পরিমাণ (সব প্রোডাক্ট) | B4: ='প্রোডাক্ট তালিকা'!F32 -> 8
A5: স্টকে বর্তমান মূলধন (৳) | B5: ='প্রোডাক্ট তালিকা'!G32 -> 20000
A6: বিক্রি হলে সম্ভাব্য মোট লাভ (৳) | B6: ='প্রোডাক্ট তালিকা'!I32 -> 13600
A7: মোট অর্ডার সংখ্যা (পরিমাণ যোগফল) | B7: ='অর্ডার তালিকা'!F47 -> 1
A8: মোট বিক্রয় (৳) | B8: ='অর্ডার তালিকা'!H47 -> 4200
